,Subst_Name,CASRN,id,Dup_Name_Flag
829,Tryptophan,73-22-3,0000073223,True
839,BW 392C60,73-64-3,0000073643,True
1172,Bromoacetate,79-08-3,0000079083,True
1666,Mannitol,87-78-5,0000087785,True
3977,Dimethiodal,124-88-9,0000124889,True
4104,Chloramine-B,127-52-6,0000127526,True
4261,Monobutyl phthalate,131-70-4,0000131704,True
4399,Acridine Yellow,135-49-9,0000135499,True
4914,beta-Aminoethyl isothiourea,151-16-6,0000151166,True
5325,Diiodotyrosine,300-39-0,0000300390,True
5347,Synthalin A,301-15-5,0000301155,True
5969,Methylheptenone,409-02-9,0000409029,True
6717,Berbine,483-49-8,0000483498,True
6989,Acridine Orange,494-38-2,0000494382,True
7156,Caffeic acid,501-16-6,0000501166,True
7539,Valine,516-06-3,0000516063,True
7807,alpha-Nicotyrine,525-75-7,0000525757,True
8448,Methyl Orange,547-58-0,0000547580,True
9142,Oxythiamine,582-36-5,0000582365,True
9534,Pantolactone,599-04-2,0000599042,True
9547,2-Hydroxybutyric acid,600-15-7,0000600157,True
9885,Chalcone,614-47-1,0000614471,True
10110,Cinnamic acid,621-82-9,0000621829,True
10530,Isoglutamine,636-65-7,0000636657,True
10712,Phosphorylcholine,645-84-1,0000645841,True
11271,Diazooxonorleucine,764-17-0,0000764170,True
11354,p-Hydroxynorephedrine,771-91-5,0000771915,True
11897,Tricaine,886-86-2,0000886862,True
12477,Cetoleic acid,1002-96-6,0001002966,True
12613,Anordiol,1045-30-3,0001045303,True
12915,Pantoic acid,1112-33-0,0001112330,True
12939,Muramic acid,1114-41-6,0001114416,True
13001,"Dimethyl muconate, (E,E)-",1119-43-3,0001119433,True
13047,Pyrithione,1121-31-9,0001121319,True
13103,beta-Thujone,1125-12-8,0001125128,True
13580,2'-Hydroxychalcone,1214-47-7,0001214477,True
13711,Epicatechin gallate,1257-08-5,0001257085,True
13987,Ethyl tosylamide,1321-55-7,0001321557,True
14052,Diisooctyl adipate,1330-86-5,0001330865,True
14100,beta-Bromostyrene,1335-06-4,0001335064,True
14103,Potassium glycerophosphate,1335-34-8,0001335348,True
14106,"1,3-Diphenylpropane",1335-47-3,0001335473,True
14313,Gitalin,1405-76-1,0001405761,True
14343,Lysergol,1413-67-8,0001413678,True
14585,Albizziin,1483-07-4,0001483074,True
14604,Menthol,1490-04-6,0001490046,True
14864,Linoleyl alcohol,1577-52-2,0001577522,True
15178,Acranil,1684-42-0,0001684420,True
15367,Benzylideneaniline,1750-36-3,0001750363,True
15376,Dicyclopentadiene,1755-01-7,0001755017,True
16320,Cyanogen,2074-87-5,0002074875,True
16364,Palmitoleic acid,2091-29-4,0002091294,True
16700,Cortisol succinate,2203-97-6,0002203976,True
17103,Thiazinamium,2338-21-8,0002338218,True
18543,"6-Fluoro-N,N-diethyltryptamine",2836-69-3,0002836693,True
18670,Methioninol,2899-37-8,0002899378,True
18675,N-Acetylphenylalanine,2901-75-9,0002901759,True
18728,Kynurenine,2922-83-0,0002922830,True
19069,N-Acetylvaline,3067-19-4,0003067194,True
19363,Lanthionine,3183-08-2,0003183082,True
19439,Phenoxy radical,3229-70-7,0003229707,True
19468,Coniine,3238-60-6,0003238606,True
19951,Benfurodil,3448-13-3,0003448133,True
20120,Cropropamide,3544-46-5,0003544465,True
20176,Quebrachitol,3564-07-6,0003564076,True
20299,Muconic acid,3588-17-8,0003588178,True
20378,Sorbose,3615-39-2,0003615392,True
20650,Crotonic acid,3724-65-0,0003724650,True
20685,Dicrotophos,3735-78-2,0003735782,True
20841,Geranylacetone,3796-70-1,0003796701,True
20926,Kanamycin,3847-27-6,0003847276,True
21026,N-Methylalanine,3913-67-5,0003913675,True
21030,2-Decenoic acid,3913-85-7,0003913857,True
21096,Sinigrin,3952-98-5,0003952985,True
21181,Metanil yellow,4005-68-9,0004005689,True
21256,"1,2,4,5-Diepoxypentane",4051-27-8,0004051278,True
21481,Anethole,4180-23-8,0004180238,True
21665,Anileridine phosphate,4268-37-5,0004268375,True
21951,Isopelletierine,4396-01-4,0004396014,True
21967,Cinnamyl alcohol,4407-36-7,0004407367,True
22152,Digitalose,4481-08-7,0004481087,True
22534,Petroselinic acid,4712-34-9,0004712349,True
22641,N-Acetylmannosamine,4773-29-9,0004773299,True
23189,O-Acetylserine,5147-00-2,0005147002,True
23364,Isoelemicin,5273-85-8,0005273858,True
23502,Ribonolactone,5336-08-3,0005336083,True
23705,Basic Brown 4,5421-66-9,0005421669,True
24024,Alverine,5560-59-8,0005560598,True
24033,11-Eicosenoic acid,5561-99-9,0005561999,True
24122,Etafedrine hydrochloride [USAN],5591-29-7,0005591297,True
24187,Glaucine,5630-11-5,0005630115,True
24208,Hexestrol,5635-50-7,0005635507,True
24441,Nornicotine,5746-86-1,0005746861,True
24493,Salsolidine,5784-74-7,0005784747,True
24515,Phosphohistidine,5789-14-0,0005789140,True
24767,Calcium cyclamate,5897-16-5,0005897165,True
24799,"2,4-Heptadienal",5910-85-0,0005910850,True
24816,Codeine hydrochloride,5916-29-0,0005916290,True
25145,Bis(1-methylamyl) sodium sulfosuccinate,6001-97-4,0006001974,True
25162,Platonin,6009-02-5,0006009025,True
25252,Latifoline,6029-86-3,0006029863,True
25317,"Erythro-sphingosine, (+)-",6036-75-5,0006036755,True
25377,Cyclophosphamide,6055-19-2,0006055192,True
25613,"N,N-Dimethylguanidine",6145-42-2,0006145422,True
25622,Mecamylamine,6147-18-8,0006147188,True
25750,Crotetamide,6168-76-9,0006168769,True
25822,Methyl vaccenate,6198-58-9,0006198589,True
26138,Fulvene,6317-25-5,0006317255,True
26591,Ergostanol,6538-02-9,0006538029,True
26782,Nitramisole,6646-49-7,0006646497,True
26803,Allysine,6665-12-9,0006665129,True
26910,Trimedoxime,6736-02-3,0006736023,True
26978,Flavopereirine,6784-38-9,0006784389,True
27050,Fructose-6-phosphate,6814-87-5,0006814875,True
27187,Sempervirine,6882-99-1,0006882991,True
27231,alpha-Ionone,6901-97-9,0006901979,True
27262,Inositol,6917-35-7,0006917357,True
27275,Monocrotophos,6923-22-4,0006923224,True
27553,Oxyphenbutazone,7081-38-1,0007081381,True
27628,Piperazine citrate,7140-78-5,0007140785,True
27995,"4,4'-Diaminostilbene",7314-06-9,0007314069,True
27997,Methionine sulfone,7314-32-1,0007314321,True
28077,Methyl linolenate,7361-80-0,0007361800,True
28084,Chlorendic anhydride,7365-74-4,0007365744,True
28151,p-Coumaric acid,7400-08-0,0007400080,True
28201,3-Chlorotyrosine,7423-93-0,0007423930,True
28388,Stylopine,7461-02-1,0007461021,True
28418,Ponceau MX,7481-49-4,0007481494,True
28446,alpha-Carotene,7488-99-5,0007488995,True
28495,Threitol,7493-90-5,0007493905,True
28564,1-Thioglucose,7534-35-2,0007534352,True
28657,Zirconium acetate,7585-20-8,0007585208,True
28865,Pelargonidin,7690-51-9,0007690519,True
28868,Calcium citrate,7693-13-2,0007693132,True
28876,Nitroblue tetrazolium,7695-60-5,0007695605,True
28894,Chlorisondamine,7701-62-4,0007701624,True
28899,Ubiquinone Q2,7704-04-3,0007704043,True
28959,S-Methylcysteine,7728-98-5,0007728985,True
29091,Sodium arsenate,7778-43-0,0007778430,True
29232,Aluminum chloride,7784-13-6,0007784136,True
29256,Lead arsenate,7784-40-9,0007784409,True
29482,Ammonium carbonate,8000-73-5,0008000735,True
29690,Pennyroyal oil,8013-99-8,0008013998,True
29737,Grape seed oil,8016-21-5,0008016215,True
29797,Cedarwood oil,8023-85-6,0008023856,True
29877,Mineral oil,8042-47-5,0008042475,True
30011,Kanamycin,8063-07-8,0008063078,True
30153,Benzoin,9000-05-9,0009000059,True
31430,Calcium chloride,10043-52-4,0010043524,True
31450,Parasorbic acid,10048-32-5,0010048325,True
31518,"3,3',4,5'-Tetrahydroxystilbene",10083-24-6,0010083246,True
31529,Nidulin,10089-10-8,0010089108,True
31551,Tetrahydropalmatine,10097-84-4,0010097844,True
31598,Lead arsenate,10102-48-4,0010102484,True
31955,Malachite green,10309-95-2,0010309952,True
32045,Ammonium carbonate,10361-29-2,0010361292,True
32102,Isoborneol,10385-78-1,0010385781,True
32132,Muscone,10403-00-6,0010403006,True
32265,Rhamnose,10485-94-6,0010485946,True
32422,N-Acetylmuramic acid,10597-89-4,0010597894,True
32685,Nickel sulfide,11113-75-0,0011113750,True
32689,Silver fluoride,11113-87-4,0011113874,True
32712,Lead chromate,11119-70-3,0011119703,True
32721,Rose bengal,11121-48-5,0011121485,True
32794,Lithium borate,12007-60-2,0012007602,True
32840,Nitrogen trioxide,12033-49-7,0012033497,True
32878,Bismuth sulfide,12048-34-9,0012048349,True
32900,Gadolinium oxide,12064-62-9,0012064629,True
32902,Phosphotungstic acid,12067-99-1,0012067991,True
32947,Potassium sulfide,12136-49-1,0012136491,True
32990,Sodium stannate,12209-98-2,0012209982,True
33030,Almadrate sulfate [USAN:INN],12247-75-5,0012247755,True
33037,Bismuth iodide,12262-07-6,0012262076,True
33072,Silicotungstic acid,12363-31-4,0012363314,True
33182,Erbium oxide,12645-29-3,0012645293,True
33197,Gallium oxide,12653-62-2,0012653622,True
33248,Titanium carbide,12700-20-8,0012700208,True
33289,Lauryl phosphate,12751-23-4,0012751234,True
33351,Mepiperphenidol,13004-75-6,0013004756,True
33723,Tiglic acid,13201-46-2,0013201462,True
33824,Delphinidin,13270-61-6,0013270616,True
33942,Dimethylstilbestrol,13366-36-4,0013366364,True
34034,Fosfestrol,13425-53-1,0013425531,True
34138,Sodium arsenate,13464-38-5,0013464385,True
34266,Chromic acid,13530-68-2,0013530682,True
34359,Beryllium phosphate,13598-26-0,0013598260,True
34369,Potassium tetraiodocadmate,13601-63-3,0013601633,True
34484,Magnesium borate,13703-82-7,0013703827,True
34598,2-(4-Methoxyphenoxy)propanoic acid,13794-15-5,0013794155,True
34615,Zinc ammonium sulfate,13814-87-4,0013814874,True
34678,Zinc phosphate,13847-22-8,0013847228,True
34709,Caryophyllene,13877-93-5,0013877935,True
35052,beta-D N-Acetylgalactosamine,14131-60-3,0014131603,True
35288,Ioglycamic acid,14317-18-1,0014317181,True
35345,Ethyldimethyl-9-octadecenylammonium bromide,14351-44-1,0014351441,True
35392,Nickel phosphate,14396-43-1,0014396431,True
35459,Sodium percarbonate,14455-47-1,0014455471,True
35460,Selenium chloride,14457-70-6,0014457706,True
35465,Hexopyrronium,14461-98-4,0014461984,True
35478,Zirconium hydroxide,14475-63-9,0014475639,True
35632,4-Iodobenzylguanidine,14629-42-6,0014629426,True
35648,Zinc naphthenate,14642-70-7,0014642707,True
35679,3-Iodo-alpha-methyltyrosine,14684-02-7,0014684027,True
35848,Calcium pyrophosphate,14866-19-4,0014866194,True
35875,beta-Ionone,14901-07-6,0014901076,True
35894,3-Hydroxyproline,14916-76-8,0014916768,True
35988,Acetylcarnitine,14992-62-2,0014992622,True
36191,Phenolphthalein glucuronide,15265-26-6,0015265266,True
36213,Gold sodium thiosulfate,15283-45-1,0015283451,True
36307,"15-Hydroxy-8,11,13-eicosatrienoic acid",15384-21-1,0015384211,True
36446,N-Acetylpenicillamine,15537-71-0,0015537710,True
36474,Thallium selenide,15572-25-5,0015572255,True
36510,Coprostanone,15600-08-5,0015600085,True
36615,Desthiobiotin,15720-25-9,0015720259,True
36620,Olsalazine,15722-48-2,0015722482,True
36720,Nickel formate,15843-02-4,0015843024,True
36783,Pulegone,15932-80-6,0015932806,True
36862,Cupric lactate,16039-52-4,0016039524,True
36864,Lead phosphate,16040-38-3,0016040383,True
37044,Reinecke salt,16248-93-4,0016248934,True
37079,Hydrindantin dihydrate,16289-95-5,0016289955,True
37101,Nickel carbonate,16337-84-1,0016337841,True
37134,Valethamate,16376-74-2,0016376742,True
37196,Selenosulfate,16450-48-9,0016450489,True
37213,Dexpanthenol,16485-10-2,0016485102,True
37324,5-Fluorotryptophan,16626-02-1,0016626021,True
37402,beta-Tocopherol,16698-35-4,0016698354,True
37409,Argininamide,16709-23-2,0016709232,True
37499,Nickel sulfide,16812-54-7,0016812547,True
37664,Pancuronium,16974-53-1,0016974531,True
37673,4-Phenylcoumarin,16981-20-7,0016981207,True
37720,Tetrahydroharmine,17019-01-1,0017019011,True
37728,Ammonium sulfite,17026-44-7,0017026447,True
37743,Tropaeolin OO,17040-79-8,0017040798,True
37780,Cinnamoyl chloride,17082-09-6,0017082096,True
37793,Doxycycline,17086-28-1,0017086281,True
37802,Penoctonium,17088-74-3,0017088743,True
37817,Sorbic alcohol,17102-64-6,0017102646,True
37830,Dimethylglyoxime,17117-97-4,0017117974,True
38000,Isonitrosoacetone,17280-41-0,0017280410,True
38019,Distigmine,17299-00-2,0017299002,True
38033,Cerium nitrate,17309-53-4,0017309534,True
38271,N-Methylephedrine,17605-71-9,0017605719,True
38510,Potassium magnesium sulfate,17855-14-0,0017855140,True
38528,Phosphoserine,17885-08-4,0017885084,True
38581,Oxitefonium,17989-37-6,0017989376,True
38770,Fenproporex hydrochloride,18305-29-8,0018305298,True
38857,Ethylhydrazine,18413-14-4,0018413144,True
38933,Strontium hydroxide,18480-07-4,0018480074,True
39173,2-Nonenal,18829-56-6,0018829566,True
39264,Magnesium sulfate,18939-43-0,0018939430,True
39299,Sodium citrate,18996-35-5,0018996355,True
39369,Olivine,19086-72-7,0019086727,True
39413,Acid blue 193,19154-31-5,0019154315,True
39451,Ammonium gluconate,19222-41-4,0019222414,True
39503,Silver sulfate,19287-89-9,0019287899,True
39512,Methioninamide,19298-72-7,0019298727,True
39640,Monopotassium glutamate,19473-49-5,0019473495,True
39798,2-Oxothiazolidine-4-carboxylic acid,19771-63-2,0019771632,True
39858,Ammonium ferrous sulfate,19864-63-2,0019864632,True
39930,Methomyl,19928-35-9,0019928359,True
40011,Piperlonguminine,20069-09-4,0020069094,True
40080,Beclotiamine,20166-17-0,0020166170,True
40097,Pisatin,20186-22-5,0020186225,True
40150,7-Methylguanosine,20244-86-4,0020244864,True
40203,Rosmarinic acid,20283-92-5,0020283925,True
40207,Isobornyl thiocyanoacetate,20285-28-3,0020285283,True
40259,"3,4,5-Trimethoxycinnamic acid",20329-98-0,0020329980,True
40269,Ferric hydroxide,20344-49-4,0020344494,True
40426,Mead acid,20590-32-3,0020590323,True
40434,Sodium antimonate,20602-01-1,0020602011,True
40489,Reserpiline oxalate,20686-18-4,0020686184,True
40494,Tryptophanamide,20696-57-5,0020696575,True
40621,Pangamic acid,20858-86-0,0020858860,True
40671,"Ethyl phenyllactate, (+-)-",20918-88-1,0020918881,True
40731,Salicylaldoxime,21013-96-7,0021013967,True
40859,Indolmycin,21200-24-8,0021200248,True
40950,Nicotine hydrochloride,21361-93-3,0021361933,True
40960,Heteronium,21379-80-6,0021379806,True
41032,Magnesium arsenate,21480-65-9,0021480659,True
41049,Phyllodulcin,21499-23-0,0021499230,True
41165,Chlorendic acid,21678-54-6,0021678546,True
41201,"2-Butenyl 1-propenyl ether, (2E,1E)-",21737-14-4,0021737144,True
41231,Phendimetrazine,21784-30-5,0021784305,True
41329,Cinnamic anhydride,21947-71-7,0021947717,True
41395,Aflatoxin B2,22040-96-6,0022040966,True
41513,S-Ethylcysteine,22196-52-7,0022196527,True
41520,6-(2-Aminopropyl)indole,22196-72-1,0022196721,True
41531,"2,4,6-Trimethoxyamphetamine",22199-16-2,0022199162,True
41539,PM-33,22199-71-9,0022199719,True
41618,Curarine,22260-42-0,0022260420,True
41920,Ammonium borate,22694-75-3,0022694753,True
42070,Juvenile hormone III,22963-93-5,0022963935,True
42090,Selenium bromide,22987-45-7,0022987457,True
42225,Perphenazine hydrochloride,23221-95-6,0023221956,True
42293,Tiformin,23256-39-5,0023256395,True
42334,Sulfachlorpyridazine,23282-55-5,0023282555,True
42374,Juvenile hormone I,23314-84-3,0023314843,True
42375,Elaiomycin,23315-05-1,0023315051,True
42454,Alkannin,23444-65-7,0023444657,True
42477,Bisbenzimidazole,23491-45-4,0023491454,True
42499,Shogaol,23513-13-5,0023513135,True
42537,Thiophanate,23564-06-9,0023564069,True
42595,Benfluorex,23642-66-2,0023642662,True
42718,Umbelliprenin,23838-17-7,0023838177,True
42726,Benzquinamide,23844-24-8,0023844248,True
42905,4-Iodophenylalanine,24250-85-9,0024250859,True
43035,Ethyl methoxycinnamate,24393-56-4,0024393564,True
43254,Dienestrol diacetate,24705-61-1,0024705611,True
43266,Fucosamine,24724-90-1,0024724901,True
43335,Mesembrine,24880-43-1,0024880431,True
43337,Northiaden,24881-71-8,0024881718,True
43346,Androstane,24887-75-0,0024887750,True
43394,Demethoxycurcumin,24939-17-1,0024939171,True
43653,Deoxycytidine hydrochloride,25203-63-8,0025203638,True
43677,Polygalacturonic acid,25249-06-3,0025249063,True
43729,C.I. Acid Red 114,25317-45-7,0025317457,True
43891,Calcium oxalate,25454-23-3,0025454233,True
43941,Dopaquinone,25520-73-4,0025520734,True
43950,Glucaric acid,25525-21-7,0025525217,True
43986,Titanium nitride,25583-20-4,0025583204,True
44010,Pralidoxime,25615-00-3,0025615003,True
44190,Samarium carbonate,25880-71-1,0025880711,True
44398,Tauroglycocholic acid,26198-66-3,0026198663,True
44424,Tridecanol,26248-42-0,0026248420,True
44441,Dihydroabietyl alcohol,26266-77-3,0026266773,True
44463,4-Decenoic acid,26303-90-2,0026303902,True
44484,beta-Escin,26339-90-2,0026339902,True
44517,Dehydroretronecine,26400-45-3,0026400453,True
44654,Galactose,26566-61-0,0026566610,True
44740,Fubrogonium,26660-74-2,0026660742,True
44795,Terpenylic acid,26754-48-3,0026754483,True
44840,Poly(lactic acid),26811-96-1,0026811961,True
45030,Prospidium,27115-14-6,0027115146,True
45044,Dipropylene glycol dibenzoate,27138-31-4,0027138314,True
45192,Methyl linoleate hydroperoxide,27323-65-5,0027323655,True
45197,Dodecanol,27342-88-7,0027342887,True
45204,Phthalide,27355-22-2,0027355222,True
45282,Ammonium borate,27522-09-4,0027522094,True
45366,Sinomenine,27675-39-4,0027675394,True
45396,Salsolinol,27740-96-1,0027740961,True
45405,Hydroxycitric acid,27750-10-3,0027750103,True
45518,Hycanthone sulfamate,27948-13-6,0027948136,True
45706,Glucagon hydrochloride,28270-04-4,0028270044,True
45783,Cephalosporin P1,28393-42-2,0028393422,True
45872,Zeatin riboside,28542-78-1,0028542781,True
45927,Ferric citrate,28633-45-6,0028633456,True
45947,Heptachloronorbornene,28680-45-7,0028680457,True
46083,Fencamine,28947-50-4,0028947504,True
46132,Glucosamine sulfate,29031-19-4,0029031194,True
46167,Bismuth acetate,29094-03-9,0029094039,True
46177,Eudesmin,29106-36-3,0029106363,True
46250,Triethylsulfonium,29245-61-2,0029245612,True
46340,Thiosuccinic acid,29454-16-8,0029454168,True
46530,Thallium carbonate,29809-42-5,0029809425,True
46580,Bunitrolol hydrochloride,29876-08-2,0029876082,True
46597,Cinnamoylhydroxamic acid,29900-75-2,0029900752,True
46727,Fructose,30237-26-4,0030237264,True
46810,Isostearic acid,30399-84-9,0030399849,True
46824,Tretoquinol,30418-38-3,0030418383,True
46890,Imidazoleacetic acid,30581-89-6,0030581896,True
47010,Perillartine,30950-27-7,0030950277,True
47082,Mannose,31103-86-3,0031103863,True
47296,Glyceryl monostearate,31566-31-1,0031566311,True
47359,Glycofurol,31692-85-0,0031692850,True
47449,EX-10-542A,31909-67-8,0031909678,True
47500,N-Methyl-N-2-propynyl-1-indanamine,32033-21-9,0032033219,True
47693,Norpropoxyphene,32501-12-5,0032501125,True
47867,Coniferyl alcohol,32811-40-8,0032811408,True
47870,Mycosamine,32817-12-2,0032817122,True
47901,Mazaticol hydrochloride,32891-29-5,0032891295,True
48009,Hydromadinone acetate,33125-90-5,0033125905,True
48040,Glucosylurea,33204-32-9,0033204329,True
48235,Ethanolamine benzoate,33545-23-2,0033545232,True
48397,beta-Elemene,33880-83-0,0033880830,True
48403,Fangchinoline,33889-68-8,0033889688,True
48415,Sodium antimonate,33908-66-6,0033908666,True
48595,Juvenile hormone II,34218-61-6,0034218616,True
48911,Ethyl glucoside,34625-23-5,0034625235,True
48997,Selachyl alcohol,34783-94-3,0034783943,True
49151,Beryllium phosphate,35089-00-0,0035089000,True
49154,Lanthanide nitrate,35099-99-1,0035099991,True
49208,Piperitenone oxide,35178-55-3,0035178553,True
49235,Dibenzalacetone,35225-79-7,0035225797,True
49331,Piscidic acid,35388-57-9,0035388579,True
49424,Saxitoxin,35554-08-6,0035554086,True
49538,Cuprous sulfite,35788-00-2,0035788002,True
49600,Hydroxyachillin,35879-92-6,0035879926,True
49623,Chlorambucil N-oxide,35915-68-5,0035915685,True
49681,Carboxyatractyloside,35988-42-2,0035988422,True
49817,Isocorydine,36284-37-4,0036284374,True
49863,Fenoterol hydrobromide,36369-23-0,0036369230,True
49931,Uranyl nitrate,36478-76-9,0036478769,True
49947,Xylidyl blue I,36505-52-9,0036505529,True
50051,Clindamycin palmitate,36688-78-5,0036688785,True
50309,Phrenosin,37211-11-3,0037211113,True
50344,Melitten,37231-28-0,0037231280,True
50357,Polyacrylonitrile,37243-36-0,0037243360,True
50366,Dysprosium oxide,37247-99-7,0037247997,True
50424,Metaphosphoric acid,37267-86-0,0037267860,True
50508,Polyglycerylmethacrylate,37310-95-5,0037310955,True
50699,Amidephrine,37571-84-9,0037571849,True
50700,Carbendazim hydrochloride,37574-18-8,0037574188,True
50812,4-Hydroxyphenylglycine,37784-25-1,0037784251,True
50936,Mintlactone,38049-04-6,0038049046,True
50985,Amsonic acid disodium salt,38151-70-1,0038151701,True
51041,4'-Hydroxychalcone,38239-52-0,0038239520,True
51042,4-Hydroxychalcone,38239-55-3,0038239553,True
51142,Cephamycin C,38429-35-5,0038429355,True
51201,Clofexamide hydrochloride,38521-23-2,0038521232,True
51515,gamma-Cadinene,39029-41-9,0039029419,True
51688,Pepstatin,39324-30-6,0039324306,True
51736,Lanthanum hydroxide,39377-54-3,0039377543,True
51860,Thiopropamine,39516-21-7,0039516217,True
53060,Dothiepin sulfoxide,42046-35-5,0042046355,True
53149,Penberol,42241-78-1,0042241781,True
53175,Trimeperidine hydrochloride,42325-78-0,0042325780,True
53183,Sobrerol,42370-41-2,0042370412,True
53267,Norpropoxyphene,42576-07-8,0042576078,True
53272,"1-Amino-2-naphthol-3,6-disulfonic acid",42579-07-7,0042579077,True
53421,Levomethadyl acetate hydrochloride,43033-72-3,0043033723,True
53539,Prolonium,45021-15-6,0045021156,True
53548,"2,2'-Dithiodiethanesulfonic acid",45127-11-5,0045127115,True
53563,Laureth-4 phosphate,45300-87-6,0045300876,True
53652,"Trimeprazine, (R)-",47138-20-5,0047138205,True
53717,Ethyl violet,47743-68-0,0047743680,True
53723,Dilinoleic acid,47818-40-6,0047818406,True
53750,Etafedrine,48141-64-6,0048141646,True
53792,Sulindac sulfide,49627-27-2,0049627272,True
54180,Cinnamoylcocaine,50763-20-7,0050763207,True
54283,Oxenin,50895-69-7,0050895697,True
54423,"1,2-Dioctadecanoylglycerol",51063-97-9,0051063979,True
54559,Sodium bifluoride,51273-71-3,0051273713,True
54579,Perfluoromethyldecalin,51294-16-7,0051294167,True
54592,Sodium phosphotungstate,51312-42-6,0051312426,True
54633,Anisatin,51372-90-8,0051372908,True
54669,Phosphomolybdic acid,51429-74-4,0051429744,True
54673,"4,4'-Dimethoxyazoxybenzene",51437-65-1,0051437651,True
54675,Nonoxynol-3,51437-95-7,0051437957,True
54693,"3,7-Dimethyloctyl myristate",51473-24-6,0051473246,True
54721,Flupentixol dihydrochloride,51529-01-2,0051529012,True
55000,7-Methylthioxanthone-2-carboxylic acid,51907-72-3,0051907723,True
55021,Phthalimidine,51938-01-3,0051938013,True
55137,Muscalure,52078-48-5,0052078485,True
55526,Laureth-3 phosphate,52598-24-0,0052598240,True
55878,Lead fluoride,53096-04-1,0053096041,True
55937,11-Ketotestosterone,53187-98-7,0053187987,True
56059,Menthyl borate,53370-45-9,0053370459,True
56274,Chimyl alcohol,53584-29-5,0053584295,True
56301,Pancrelipase,53608-75-6,0053608756,True
56333,Tuberin,53643-53-1,0053643531,True
56434,Bismuth sodium iodide,53778-50-0,0053778500,True
56507,Detajmium bitartrate [INN],53862-81-0,0053862810,True
56740,Tobanum,54247-25-5,0054247255,True
56902,Clometacillin,54530-86-8,0054530868,True
56968,Ritalinic acid,54631-24-2,0054631242,True
57148,Fosfonet sodium [USAN:INN],54870-27-8,0054870278,True
57204,Shikonin,54952-43-1,0054952431,True
57228,Acetylshikonin,54984-93-9,0054984939,True
57321,Leupeptin,55123-66-5,0055123665,True
57420,Pirifibrate,55285-45-5,0055285455,True
57510,Piperonyl acetone,55418-52-5,0055418525,True
57548,Noneth-3,55489-51-5,0055489515,True
57652,Sultopride,55619-22-2,0055619222,True
57865,Sclareol glycol,55881-96-4,0055881964,True
58105,Ubiquinol,56275-39-9,0056275399,True
58108,Motretinide,56281-36-8,0056281368,True
58420,24-Hydroxyvitamin D3,56720-87-7,0056720877,True
58468,Abequose,56816-60-5,0056816605,True
58491,Desmethylselegiline,56862-28-3,0056862283,True
58511,Papaverine codecarboxylate,56896-69-6,0056896696,True
58686,Isopulegone,57129-09-6,0057129096,True
59271,Phenazocine,58073-76-0,0058073760,True
59496,Disodium laureth sulfosuccinate,58450-52-5,0058450525,True
59794,Nalmefene,58895-64-0,0058895640,True
59804,Glucuronyl glucosamine glycan sulfate,58915-48-3,0058915483,True
59839,"10,11-Dihydro-10,11-dihydroxy-5H-dibenzazepine-5-carboxamide",58955-93-4,0058955934,True
59902,Trihexyltin,59061-51-7,0059061517,True
60162,4-(2-Hydroxy-3-isopropylaminopropoxy)indene hydrochloride,59527-63-8,0059527638,True
60170,Rishitin,59545-99-2,0059545992,True
60240,Cinchophen strontium,59672-10-5,0059672105,True
60251,Fosamine,59682-52-9,0059682529,True
60255,Diisocetyl adipate,59686-69-0,0059686690,True
60396,Scytolone,59872-10-5,0059872105,True
60463,Sulindac sulfone,59973-80-7,0059973807,True
60589,Mercumatilin sodium [INN],60135-06-0,0060135060,True
60622,3-Carbethoxypsoralen,60174-36-9,0060174369,True
60672,Chlorthiophos,60238-56-4,0060238564,True
60682,Sarpicillin,60252-40-6,0060252406,True
60805,Bufuralol hydrochloride,60398-91-6,0060398916,True
60818,Confertin,60426-81-5,0060426815,True
60829,Carpipramine dihydrochloride,60452-13-3,0060452133,True
60928,Magnesium hydride,60616-74-2,0060616742,True
60946,Persin,60640-59-7,0060640597,True
61095,PEG-3 palmitamide,60828-89-9,0060828899,True
61096,PEG-3 stearamide,60828-90-2,0060828902,True
61165,Ephenidine,60951-19-1,0060951191,True
61274,Nitrofurathiazide,61143-06-4,0061143064,True
61288,"3-Acetyl-2-(2,6-dimethyl-5-heptenyl)oxazolidine",61168-60-3,0061168603,True
61548,o-Aminoazotoluene,61550-68-3,0061550683,True
61561,"7,8-Dichloro-1,2,3,4-tetrahydroisoquinoline",61563-24-4,0061563244,True
61786,Imperialine,61825-98-7,0061825987,True
61892,Disperse Blue 124,61951-51-7,0061951517,True
61914,Magnesium pidolate,62003-27-4,0062003274,True
61948,GenX,62037-80-3,0062037803,True
61979,3-Methyl-2-benzothiazolone hydrazone,62082-97-7,0062082977,True
61999,Nitrosocyanamide,62132-81-4,0062132814,True
62112,Arsenazo III,62337-00-2,0062337002,True
62288,Progabide acid,62665-97-8,0062665978,True
62309,Methionine sulfoxide,62697-73-8,0062697738,True
62438,Nicotinoyl-GABA,62936-56-5,0062936565,True
62524,Fepradinol,63075-47-8,0063075478,True
62795,Polidexide sulfate [INN],63494-82-6,0063494826,True
62865,Terazosin,63590-64-7,0063590647,True
63019,Isomethadone d-form,63814-06-2,0063814062,True
63092,Yttrium citrate,63938-20-5,0063938205,True
63110,alpha-DL-Propoxyphene carbinol,63957-11-9,0063957119,True
63162,Dipivefrin,64019-93-8,0064019938,True
63185,Quinacrine mustard,64046-79-3,0064046793,True
63211,Dibekacin sulfate,64070-13-9,0064070139,True
63226,Thienamycin,64090-99-9,0064090999,True
63785,Halofuginone,64924-67-0,0064924670,True
64162,Naftifine,65473-14-5,0065473145,True
64219,19-Norandrosterone,65556-19-6,0065556196,True
64414,Polydatin,65914-17-2,0065914172,True
64436,N-Acetylcolchinol,65966-98-5,0065966985,True
64949,Saponite,66732-77-2,0066732772,True
64980,Tinofedrine,66788-41-8,0066788418,True
64997,Norpropoxyphene,66796-40-5,0066796405,True
65284,4-Hydroxyifosfamide,67292-64-2,0067292642,True
65530,10-Hydroxycamptothecin,67656-30-8,0067656308,True
65712,Octabromobiphenyl,67889-00-3,0067889003,True
65743,Plafibride,67924-59-8,0067924598,True
65794,Isepamicin sulfate,68000-78-2,0068000782,True
65817,Tung oil,68038-50-6,0068038506,True
65859,Clodanolene,68095-04-5,0068095045,True
66084,Disodium lauroamphodiacetate,68298-20-4,0068298204,True
66367,Styrenesulfonic acid polymer,68585-99-9,0068585999,True
66534,PEG-3 Dipalmitate,68818-45-1,0068818451,True
66688,Heptachlor,68961-31-9,0068961319,True
66754,Valperinol,69055-89-6,0069055896,True
67351,Nicotinyl 6-aminonicotinate,70022-05-8,0070022058,True
67469,6-Ketocholestanol,70223-10-8,0070223108,True
67629,Traxanox,70502-82-8,0070502828,True
67928,Lithium aspartate,70962-88-8,0070962888,True
68093,Indium tin oxide,71243-84-0,0071243840,True
68344,Sultopride,71675-85-9,0071675859,True
68566,Artemether,71963-77-4,0071963774,True
69003,Mr 1452,72656-86-1,0072656861,True
69240,Guaiol,73003-40-4,0073003404,True
69243,Thiofentanil oxalate,73005-06-8,0073005068,True
69372,Apraclonidine,73218-79-8,0073218798,True
69386,Cysteinesulfenic acid,73243-12-6,0073243126,True
69633,Vulpinic acid,73622-57-8,0073622578,True
70033,Troparil,74163-84-1,0074163841,True
70080,Cinchonidine hydrochloride,74220-37-4,0074220374,True
70105,Civetone,74244-64-7,0074244647,True
70201,Imipenem,74431-23-5,0074431235,True
70675,Ergonovine tartrate,75088-32-3,0075088323,True
70695,Tetronasin,75139-06-9,0075139069,True
70787,5-Hydroxycytosine,75321-30-1,0075321301,True
70873,4-Methylaminorex,75493-87-7,0075493877,True
70990,"Dihydrocarvyl acetate, (+/-)-",75684-65-0,0075684650,True
71016,Diclobutrazol,75736-33-3,0075736333,True
71134,4-Hydroxy-2-nonenal,75899-68-2,0075899682,True
71244,Ethyl Red,76058-33-8,0076058338,True
71366,Thujone,76231-76-0,0076231760,True
71480,"1,2-Dielaidoylphosphatidylethanolamine",76391-83-8,0076391838,True
71707,Benzophenone-9,76656-36-5,0076656365,True
72237,Zenazocine,77272-67-4,0077272674,True
72247,Copper histidine,77280-83-2,0077280832,True
72290,Flunisolide,77326-96-6,0077326966,True
72566,Palytoxin,77734-91-9,0077734919,True
72669,Interferon Alfa-2a [USAN:INN:BAN],77907-69-8,0077907698,True
72946,Pro-opiomelanocortin,78321-08-1,0078321081,True
72982,Norsolorinic acid,78371-59-2,0078371592,True
73174,Amorolfine,78613-35-1,0078613351,True
73212,Amicoumacin A,78683-77-9,0078683779,True
73730,Isoetharine,79490-84-9,0079490849,True
73742,Phtiobuzone,79512-50-8,0079512508,True
73758,Levocabastine,79547-78-7,0079547787,True
74233,Iosefamate meglumine,80234-74-8,0080234748,True
74321,Loxoprofen,80382-23-6,0080382236,True
74414,"2,4-Hexadienal",80466-34-8,0080466348,True
74449,Dominicalure [ISO],80510-16-3,0080510163,True
74973,"2,2',3,4,4',5-Hexabromobiphenyl",81381-52-4,0081381524,True
75064,Artenimol [INN],81496-81-3,0081496813,True
75466,Tofisopam,82059-50-5,0082059505,True
75826,Sarsasapogenin,82597-74-8,0082597748,True
76222,Lariciresinol,83327-19-9,0083327199,True
76248,Nefazodone,83366-66-9,0083366669,True
76272,8-Hydroxyclomipramine,83385-97-1,0083385971,True
76817,Holacanthone,84062-60-2,0084062602,True
76860,Sinapine,84123-22-8,0084123228,True
76944,5-Iminodoxorubicin,84275-95-6,0084275956,True
77162,Cycloastragenol,84605-18-5,0084605185,True
77236,Astragaloside A,84687-43-4,0084687434,True
77366,Reserpiline hydrochloride,84824-88-4,0084824884,True
77377,Ritipenem,84845-58-9,0084845589,True
77404,Pyridoxamine phosphate,84878-64-8,0084878648,True
77516,Neatsfoot oil,85049-53-2,0085049532,True
77521,Dichlorophenyl imidazoldioxolan,85058-43-1,0085058431,True
77941,Ornoprostil,85679-51-2,0085679512,True
77976,Clopenthixol acetate ester,85721-05-7,0085721057,True
77985,1-0-Octadecyl 2-0-acetyl sn-glycero-3-phosphorylcholine,85733-91-1,0085733911,True
78191,Gadolinium DTPA,86050-77-3,0086050773,True
78302,Gasoline,86290-81-5,0086290815,True
78450,6-Iodomethylcholesterol,86522-55-6,0086522556,True
78530,Glycerol formal,86687-05-0,0086687050,True
78820,Emedastine,87233-62-3,0087233623,True
79522,Ethyl hydroxymethyl oleyl oxazoline,88543-32-2,0088543322,True
80005,STA 2,89617-02-7,0089617027,True
80071,Tazobactam,89786-04-9,0089786049,True
80810,Ropinirole,91374-21-9,0091374219,True
80833,Nootkatone,91416-23-8,0091416238,True
80948,Guar gum,91671-59-9,0091671599,True
80984,Isopulegol hydrate,91739-72-9,0091739729,True
81264,4-Methyl-4-aza-3-oxopregnane-20-carboxylate,92472-61-2,0092472612,True
81411,Fluorodopa F 18,92812-82-3,0092812823,True
81437,2-((((2-Chloroethyl)nitrosoamino)carbonyl)amino)propanamide,92891-93-5,0092891935,True
81448,"Gadolinium 1,4,7,10-tetraazacyclododecane-N,N',N'',N'''-tetraacetate",92923-44-9,0092923449,True
81717,Hydrogenated menhaden oil,93572-53-3,0093572533,True
82033,N-Methyl-D-glucamine dithiocarbamate,94161-07-6,0094161076,True
82191,"Antazoline sulfate, naphazoline mononitrate drug combination",94506-86-2,0094506862,True
82327,Stearalkonium hectorite,94891-33-5,0094891335,True
82608,Tipentosin hydrochloride [USAN],95671-26-4,0095671264,True
82632,Cicaprost,95722-07-9,0095722079,True
82701,Iofetamine,95896-48-3,0095896483,True
82758,4-(Dicyanomethylene)-2-methyl-6-(4-(dimethylamino)styryl)-4H-pyran,96042-30-7,0096042307,True
82822,2-Hydroxy-3-(octadecyloxy)propyl stearate,96235-95-9,0096235959,True
83576,Atrial natriuretic factor prohormone (103-126),97793-28-7,0097793287,True
83617,Ciprofloxacin lactate,97867-33-9,0097867339,True
83740,Atractan,98112-36-8,0098112368,True
83741,Atractan,98112-37-9,0098112379,True
83744,Ephedran,98112-66-4,0098112664,True
83745,Ephedran,98112-67-5,0098112675,True
83746,Ephedran,98112-68-6,0098112686,True
83747,Ephedran,98112-69-7,0098112697,True
84358,Oxitropium,99571-64-9,0099571649,True
84375,"3,15-Diacetyldeoxynivalenol",99604-10-1,0099604101,True
84512,Aluminum lactate,99874-23-4,0099874234,True
84572,Gastric inhibitory polypeptide,100040-31-1,0100040311,True
84868,"Enkephalin, Ala(2)-MePhe(4)-Gly(5)-",100929-53-1,0100929531,True
84925,Milnacipran,101152-94-7,0101152947,True
85076,Sematilide,101526-83-4,0101526834,True
85109,Talipexole,101626-70-4,0101626704,True
85255,"Ethyl 2,5-dimethyl-3-oxo-4(2H)-furyl carbonate",102062-72-6,0102062726,True
85328,5-Methyl-2-hepten-4-one,102322-83-8,0102322838,True
85509,3-(3-Methyl-2-thienyl)acrylic acid,102696-70-8,0102696708,True
85693,Propyromazine,103132-98-5,0103132985,True
86103,ADP-Ribosylarginine,103960-56-1,0103960561,True
86459,Ofloxacin N-oxide,104721-52-0,0104721520,True
86755,"2,4-Dimethoxy-N,N-dimethyl-5-iodophenylisopropylamine",105371-59-3,0105371593,True
86763,Pralidoxime mesylate,105404-71-5,0105404715,True
86900,alpha-Methylleucine,105743-53-1,0105743531,True
86941,Fluorodeoxyglucose F18,105851-17-0,0105851170,True
87129,Peptide T,106362-33-8,0106362338,True
87146,Lometrexol,106400-81-1,0106400811,True
87196,N'-Propylnornicotine,106552-51-6,0106552516,True
87282,Doxacurium,106819-53-8,0106819538,True
87340,RU-24969,107008-28-6,0107008286,True
88038,Taprostene,108945-35-3,0108945353,True
88271,Arteether,109716-83-8,0109716838,True
88363,Cynapanoside C,109985-25-3,0109985253,True
88411,Tirilazad,110101-67-2,0110101672,True
88440,EM 523,110205-60-2,0110205602,True
88581,Avidin,110539-97-4,0110539974,True
88628,Cinnamyl isobutyrate,110682-09-2,0110682092,True
88817,Ethyl urocanate,111157-51-8,0111157518,True
89395,Renzapride,112727-80-7,0112727807,True
90036,"Bis-neodecanoato-1,2-diaminocyclohexaneplatinum(II)",114488-24-3,0114488243,True
90418,Charybdotoxin,115422-61-2,0115422612,True
90479,Rocastine fumarate,115609-60-4,0115609604,True
90647,Histatin 3,115966-67-1,0115966671,True
90899,Mibefradil,116666-63-8,0116666638,True
91412,Clofezone,117976-89-3,0117976893,True
91801,"2,2',4,4',5-Pentachlorodiphenyl ether",119036-18-9,0119036189,True
91937,Diphenylcarbazone,119295-41-9,0119295419,True
92281,Artelinic acid,120020-26-0,0120020260,True
92361,Tenidap,120210-48-2,0120210482,True
92393,Imidaprilat,120294-09-9,0120294099,True
92789,U-47700,121348-98-9,0121348989,True
92958,Pidotimod,121808-62-6,0121808626,True
93267,Tyrphostin A46,122520-85-8,0122520858,True
93284,Dipotassium lauryl sulfosuccinate,122557-66-8,0122557668,True
93493,Aprosulate,123123-68-2,0123123682,True
93766,alpha-Escin,123748-68-5,0123748685,True
94008,Enadoline,124378-77-4,0124378774,True
94624,3-Azidoamsacrine,125783-39-3,0125783393,True
94625,Acetyl cedrene,125783-65-5,0125783655,True
94781,Amyrin,126236-47-3,0126236473,True
95059,Sodium aceneuramate,126934-33-6,0126934336,True
95428,Iomazenil,127985-21-1,0127985211,True
95856,2-(alpha-Fluoroethyl)tetrahydrobenzimidazole,129238-73-9,0129238739,True
96109,Nizatidine sulfoxide,129927-19-1,0129927191,True
96221,Fenoterol,130156-24-0,0130156240,True
96279,Cetrorelix,130289-71-3,0130289713,True
96547,Perlite,130885-09-5,0130885095,True
96563,Besipirdine,130953-69-4,0130953694,True
96734,Gadodiamide,131410-48-5,0131410485,True
97005,Strobilurin G,132056-04-3,0132056043,True
97033,Bis(1-thio-2-amino-3-phenylpropane),132139-25-4,0132139254,True
97224,Aprikalim,132562-26-6,0132562266,True
97724,Doxacurium,133814-18-3,0133814183,True
98578,"CM protein, Triticum aestivum",135685-68-6,0135685686,True
99153,Aptiganel,137160-11-3,0137160113,True
99206,Emamectin [ISO],137335-79-6,0137335796,True
99340,LY-228729,137641-36-2,0137641362,True
99388,Stiripentol,137767-55-6,0137767556,True
99818,Zankiren hydrochloride,138810-64-7,0138810647,True
99859,"nautilus protein, Drosophila",138881-40-0,0138881400,True
99916,"Menthyl pyrrolidone carboxylate, (+-),l-",139014-48-5,0139014485,True
100790,Milacainide [INN],141725-10-2,0141725102,True
100841,"(2-((1R)-1-((1R)-3,3-Dimethylcyclohexyl)ethoxy)-2-methyl-propyl) propanoate, (+/-)-",141899-02-7,0141899027,True
100942,Interferon alfa-2c,142192-09-4,0142192094,True
101048,Chlorpheniramine N-oxide,142494-45-9,0142494459,True
101109,Cohumulone,142628-20-4,0142628204,True
101256,Ferric sulfate,142906-29-4,0142906294,True
101734,18-Hydroxycortisol,144302-17-0,0144302170,True
101815,Landiolol,144481-98-1,0144481981,True
101899,Pixantrone,144675-97-8,0144675978,True
101905,Camedon,144696-36-6,0144696366,True
101980,"Tcfe3 protein, mouse",144906-21-8,0144906218,True
102070,"CM protein, Triticum aestivum",145137-17-3,0145137173,True
102124,Iodophenpropit,145196-88-9,0145196889,True
102289,Cetrorelix,145672-81-7,0145672817,True
102333,Goserelin,145781-92-6,0145781926,True
102499,Zaragozic acid C,146389-62-0,0146389620,True
102523,CDD-0102,146422-59-5,0146422595,True
102715,"BCK1 protein, S cerevisiae",146888-80-4,0146888804,True
102751,Y 27632,146986-50-7,0146986507,True
102806,NF-kappaB inhibitor alpha,147095-03-2,0147095032,True
103122,"MPL protein, human",147603-79-0,0147603790,True
103123,"MPL protein, human",147603-80-3,0147603803,True
103302,"Rad15 protein, S pombe",147954-41-4,0147954414,True
103528,"CrebA protein, Drosophila",148412-93-5,0148412935,True
103807,Tirilazad mesylate [USAN],149042-61-5,0149042615,True
103822,"POU5F1 protein, human",149086-19-1,0149086191,True
104398,Aluminum hydroxyphosphate,150828-31-2,0150828312,True
104426,Perospirone,150915-41-6,0150915416,True
104993,Luteinizing hormone,152923-57-4,0152923574,True
105962,"4,5-Dianilinophthalimide",157168-02-0,0157168020,True
105966,RPR-111026,157183-03-4,0157183034,True
106054,Microcystin LF,157622-02-1,0157622021,True
106287,Rupatadine,158876-82-5,0158876825,True
106298,Secoisolariciresinol diglucoside,158932-33-3,0158932333,True
106421,Napsagatran [USAN:INN],159668-20-9,0159668209,True
106479,LEK 8829,160161-67-1,0160161671,True
106526,alpha-Difluoromethyl-dopa,160401-53-6,0160401536,True
106670,GYKI 53405,161832-65-1,0161832651,True
106718,Verlukast sodium,162377-77-7,0162377777,True
106752,WAY 100635,162760-96-5,0162760965,True
106880,"N-((2-(Hydroxyaminocarbonyl)methyl)-4-methylpentanoyl)-3-(2'-naphthyl)alanylalanine, 2-aminoethylamide",163847-77-6,0163847776,True
107010,"Mintlactone, (+/-)-",166584-27-6,0166584276,True
107111,Rimonabant,168273-06-1,0168273061,True
107181,"Lewisite 2, (E,E)-",169473-77-2,0169473772,True
107220,Alvimopan,170098-38-1,0170098381,True
107314,Lepimectin (component) [ISO],171249-10-8,0171249108,True
107711,Salatrim,177403-56-4,0177403564,True
107784,Abrineurin,178535-93-8,0178535938,True
107841,Trimeprazine maleate,179167-82-9,0179167829,True
107851,Morpholino thymidine,179238-40-5,0179238405,True
107922,SR 31747,180129-73-1,0180129731,True
107977,Almotriptan,181183-52-8,0181183528,True
108287,Tiotropium,186691-13-4,0186691134,True
108368,Glucosaminylmuramyl-2-alanine-D-isoglutamine,188123-33-3,0188123333,True
108494,Diethylene glycol diisononanoate,190282-37-2,0190282372,True
108829,alpha-Methyl-4-carboxyphenylglycine,198419-91-9,0198419919,True
108925,"11,12-Epoxy-5,8,14-eicosatrienoic acid",200960-01-6,0200960016,True
109161,Tenofovir,206184-49-8,0206184498,True
109232,Hydroxyitraconazole,207970-87-4,0207970874,True
109437,Cynarine,212891-05-9,0212891059,True
109873,Isochromophilone II,224567-64-0,0224567640,True
110021,"Octahydrocoumarin, trans-(+-)-",239467-23-3,0239467233,True
110137,"N-(Carbonyl-methoxypolyethylene glycol 2000)-1,2-distearoyl-sn-glycero-3-phosphoethanolamine, sodium salt",247925-28-6,0247925286,True
110191,"1,4-Dicaffeoylquinic acid",251320-68-0,0251320680,True
110382,Bioallethrin,260359-57-7,0260359577,True
110533,Clivorine,275806-81-0,0275806810,True
110737,"Tetrahydro-2-methyl-3-furanthiol, trans-(+-)-",296234-04-3,0296234043,True
110739,"Tetrahydro-2-methyl-3-furanthiol, cis-(+-)-",296234-09-8,0296234098,True
110864,Tumor Necrosis Factor-alpha,308079-78-9,0308079789,True
110891,Tetrahexyldecyl ascorbate,310408-06-1,0310408061,True
111119,Telatinib mesylate,332013-26-0,0332013260,True
111134,Lubiprostone [USAN:INN:JAN],333963-40-9,0333963409,True
111215,Rovelizumab [USAN:INN],339086-79-2,0339086792,True
111359,Dextroamphetamine saccharate,350708-40-6,0350708406,True
111479,Fluoxastrobin [ISO],361377-29-9,0361377299,True
111701,Nafadotride,390412-29-0,0390412290,True
111990,Caprylic/capric triglyceride,438544-49-1,0438544491,True
112155,"2,3',4,4',5'-Pentabromodiphenyl ether",446254-83-7,0446254837,True
112358,Venticute,474242-11-0,0474242110,True
112480,Porphyrin c,479665-99-1,0479665991,True
112496,alpha 1-Antitrypsin,480637-44-3,0480637443,True
112964,Disodium stearoamphodiacetate,607724-89-0,0607724890,True
113411,Mebezonium,688299-17-4,0688299174,True
113681,Stercuronium,734477-69-1,0734477691,True
113682,BRL 15572,734517-40-9,0734517409,True
113722,Quinuclium,740741-60-0,0740741600,True
113824,Caloxetic acid,752185-61-8,0752185618,True
113859,1-Dodecylpyridoxal,756773-65-6,0756773656,True
113880,Dithizone,760132-01-2,0760132012,True
113934,Sintropium,768313-41-3,0768313413,True
114032,Centbucridine,785727-86-8,0785727868,True
114085,Sennoside E,792907-49-4,0792907494,True
114252,Pafuramidine,837369-26-3,0837369263,True
114399,"9,12-Dioxo-10-dodecenoic acid",849940-05-2,0849940052,True
114698,Dasatinib,863127-77-9,0863127779,True
114978,Molybdenum cofactor,872689-63-9,0872689639,True
115010,Ceramide 4,873802-44-9,0873802449,True
115086,Dolasetron mesylate,878143-33-0,0878143330,True
115231,Vabicaserin [INN],887258-95-9,0887258959,True
115257,Verticillin A,889640-30-6,0889640306,True
115304,Epetirimod esylate [USAN],896444-34-1,0896444341,True
115404,Indirubin,906748-38-7,0906748387,True
115606,Methylnaltrexone bromide [USAN:INN:BAN],916055-92-0,0916055920,True
115607,Methylnaltrexone,916055-93-1,0916055931,True
116040,GSK-189254,945493-87-8,0945493878,True
116047,SNX-2112,945626-71-1,0945626711,True
116076,Bimatoprost mixture with timolol,946163-60-6,0946163606,True
116375,Origanum,977138-69-4,0977138694,True
116712,"Octahydrocoumarin, cis-(+-)-",1034015-76-3,1034015763,True
116776,Arachideth-3,1040922-08-4,1040922084,True
116907,AT-406,1071992-99-8,1071992998,True
117037,BMS-641988,1093276-09-5,1093276095,True
117107,Dacomitinib [USAN:INN],1110813-31-4,1110813314,True
117326,TRU-015,1169717-01-4,1169717014,True
117394,Silybin maltoside,1182718-89-3,1182718893,True
117424,C-Reactive protein,1186158-85-9,1186158859,True
117583,EVT-201,1198427-03-0,1198427030,True
117670,AM-679,1206880-66-1,1206880661,True
117731,ABT-072,1214735-11-1,1214735111,True
117793,HU-308,1220887-84-2,1220887842,True
117809,beta-Cypermethrin [ISO],1224510-29-5,1224510295,True
117978,Hydrofuramide,1238184-07-0,1238184070,True
118025,Blancophor R,1245816-75-4,1245816754,True
118077,"Carveol, (-)-",1253216-40-8,1253216408,True
118213,Dexrazoxane hydrochloride,1263283-43-7,1263283437,True
118281,Circulin A,1271111-95-5,1271111955,True
118392,Epomediol,1310101-21-3,1310101213,True
118555,4-Methylbuphedrone,1337016-51-9,1337016519,True
118715,Ascaridole,1354425-86-7,1354425867,True
118933,Viriditoxin,1381782-08-6,1381782086,True
119181,Asperflavin,1415764-41-8,1415764418,True
119194,2-Oxo-clopidogrel,1416696-44-0,1416696440,True
119238,AZD3839,1421852-78-9,1421852789,True
119264,3-Methyl-2-benzothiazolone hydrazone hydrochloride,1422544-60-2,1422544602,True
119331,Glucoraphanin,1432982-77-8,1432982778,True
119383,Diminazene,1443105-71-2,1443105712,True
119421,AB-PINACA,1445752-09-9,1445752099,True
119450,Hydrogen dimethicone (13 cst),1446785-54-1,1446785541,True
119506,ENMD-2076,1453868-32-0,1453868320,True
119635,TGR-1202,1532533-67-7,1532533677,True
119781,Varicella-zoster immune globulin,1613465-05-6,1613465056,True
120318,N-Desmethyl-N-cyclopentyl cis-ent-tadalafil,1881279-53-3,1881279533,True
